,Unnamed: 0,Book-Author,Book-Rating
0,212,Clamp,6.184873949579832
1,1058,Shel Silverstein,6.0886075949367084
2,882,Nick Bantock,5.740932642487047
3,71,Antoine de Saint-Exupéry,5.672489082969432
4,305,Dr. Seuss,5.475862068965517
5,467,J. K. Rowling,5.422459893048129
6,135,Bradley Trevor Greive,5.404411764705882
7,127,Bill Watterson,5.399201596806387
8,442,Herge,5.345070422535211
9,243,Daniel Quinn,5.138339920948616
